false_id,id,counter,frequency,spreading_factor,bandwidth,rssi,snr,createdAt,updatedAt
857,72,1,433,12,250000,-13,8.5,21:49.7,2020-02-18T12:21:49.673Z
859,74,2,433,12,250000,-14,7.0,22:00.1,2020-02-18T12:22:00.149Z
861,76,3,433,12,250000,-15,6.0,22:10.8,2020-02-18T12:22:10.808Z
863,78,4,433,12,250000,-14,7.0,22:21.3,2020-02-18T12:22:21.286Z
865,80,5,433,12,250000,-15,5.75,22:31.7,2020-02-18T12:22:31.702Z
2034,163,1,433,12,250000,-15,5.5,35:57.2,2020-02-18T12:35:57.187Z
2036,165,2,433,12,250000,-15,6.0,36:07.8,2020-02-18T12:36:07.795Z
2141,167,3,433,12,250000,-15,5.75,36:18.3,2020-02-18T12:36:18.305Z
2143,169,4,433,12,250000,-15,6.0,36:28.8,2020-02-18T12:36:28.752Z
2145,171,5,433,12,250000,-15,6.0,36:39.1,2020-02-18T12:36:39.122Z
3639,253,1,433,12,250000,-15,6.25,49:54.1,2020-02-18T12:49:54.109Z
3641,255,2,433,12,250000,-15,6.5,50:04.6,2020-02-18T12:50:04.589Z
3643,257,3,433,12,250000,-15,6.0,50:15.0,2020-02-18T12:50:15.037Z
3645,259,4,433,12,250000,-15,6.0,50:25.5,2020-02-18T12:50:25.496Z
3746,261,5,433,12,250000,-15,5.5,50:36.2,2020-02-18T12:50:36.178Z
867,343,1,433,12,250000,-14,7.5,03:51.1,2020-02-18T13:03:51.086Z
869,345,2,433,12,250000,-14,7.75,04:01.5,2020-02-18T13:04:01.530Z
871,347,3,433,12,250000,-14,7.75,04:12.0,2020-02-18T13:04:11.986Z
873,349,4,433,12,250000,-15,8.0,04:22.7,2020-02-18T13:04:22.652Z
875,351,5,433,12,250000,-14,8.75,04:33.1,2020-02-18T13:04:33.112Z
2147,433,1,433,12,250000,-14,8.25,17:48.0,2020-02-18T13:17:48.033Z
2149,435,2,433,12,250000,-15,7.5,17:58.7,2020-02-18T13:17:58.663Z
2258,437,3,433,12,250000,-14,7.5,18:09.5,2020-02-18T13:18:09.521Z
2260,439,4,433,12,250000,-15,7.0,18:19.6,2020-02-18T13:18:19.581Z
2262,441,5,433,12,250000,-14,7.5,18:30.1,2020-02-18T13:18:30.071Z
3431,523,1,433,12,250000,-15,6.0,31:44.9,2020-02-18T13:31:44.947Z
3433,525,2,433,12,250000,-15,6.0,31:55.6,2020-02-18T13:31:55.604Z
3435,527,3,433,12,250000,-15,5.75,32:06.1,2020-02-18T13:32:06.107Z
3437,529,4,433,12,250000,-15,6.0,32:16.6,2020-02-18T13:32:16.567Z
3439,531,5,433,12,250000,-15,6.5,32:27.1,2020-02-18T13:32:27.142Z
764,612,1,433,12,250000,-15,6.0,45:42.1,2020-02-18T13:45:42.090Z
766,614,2,433,12,250000,-15,5.75,45:52.6,2020-02-18T13:45:52.567Z
768,616,3,433,12,250000,-15,5.75,46:03.0,2020-02-18T13:46:02.974Z
770,618,4,433,12,250000,-15,5.75,46:13.7,2020-02-18T13:46:13.675Z
772,620,5,433,12,250000,-15,6.25,46:24.1,2020-02-18T13:46:24.106Z
2048,702,1,433,12,250000,-15,6.25,59:39.0,2020-02-18T13:59:38.957Z
2050,704,2,433,12,250000,-15,6.5,59:49.6,2020-02-18T13:59:49.636Z
2052,706,3,433,12,250000,-15,6.5,00:00.0,2020-02-18T14:00:00.022Z
2054,708,4,433,12,250000,-15,6.5,00:10.5,2020-02-18T14:00:10.508Z
2056,710,5,433,12,250000,-15,6.5,00:20.9,2020-02-18T14:00:20.921Z
3222,792,1,433,12,250000,-15,6.25,13:36.1,2020-02-18T14:13:36.073Z
3224,794,2,433,12,250000,-15,6.5,13:46.6,2020-02-18T14:13:46.563Z
3226,796,3,433,12,250000,-15,6.0,13:57.0,2020-02-18T14:13:56.951Z
3228,798,4,433,12,250000,-15,6.25,14:07.7,2020-02-18T14:14:07.670Z
3230,800,5,433,12,250000,-15,6.5,14:18.0,2020-02-18T14:14:18.042Z
1730,943,1,433,12,250000,-14,7.75,41:30.1,2020-02-18T14:41:30.106Z
1732,945,2,433,12,250000,-15,8.25,41:40.6,2020-02-18T14:41:40.569Z
1734,947,3,433,12,250000,-14,8.0,41:51.0,2020-02-18T14:41:51.002Z
1736,949,4,433,12,250000,-14,8.75,42:01.5,2020-02-18T14:42:01.484Z
1738,951,5,433,12,250000,-14,7.25,42:12.1,2020-02-18T14:42:12.101Z
3027,1033,1,433,12,250000,-14,8.5,55:27.0,2020-02-18T14:55:27.041Z
3029,1035,2,433,12,250000,-14,7.75,55:37.5,2020-02-18T14:55:37.494Z
3031,1037,3,433,12,250000,-14,8.25,55:48.0,2020-02-18T14:55:47.958Z
3033,1039,4,433,12,250000,-14,8.5,55:58.6,2020-02-18T14:55:58.626Z
3035,1041,5,433,12,250000,-14,8.5,56:09.1,2020-02-18T14:56:09.099Z
247,1123,1,433,12,250000,-15,7.75,09:24.0,2020-02-18T15:09:24.009Z
249,1125,2,433,12,250000,-14,8.25,09:34.5,2020-02-18T15:09:34.463Z
251,1127,3,433,12,250000,-15,7.75,09:45.0,2020-02-18T15:09:45.041Z
253,1129,4,433,12,250000,-14,7.75,09:55.5,2020-02-18T15:09:55.532Z
255,1131,5,433,12,250000,-14,7.75,10:06.0,2020-02-18T15:10:06.011Z
1208,1212,1,433,12,250000,-15,7.0,23:21.0,2020-02-18T15:23:21.034Z
1210,1214,2,433,12,250000,-15,7.25,23:31.5,2020-02-18T15:23:31.495Z
1212,1216,3,433,12,250000,-14,8.5,23:41.9,2020-02-18T15:23:41.947Z
1214,1218,4,433,12,250000,-14,7.75,23:52.4,2020-02-18T15:23:52.426Z
1216,1220,5,433,12,250000,-14,8.0,24:03.1,2020-02-18T15:24:03.107Z
2280,1302,1,433,12,250000,-14,8.0,37:17.9,2020-02-18T15:37:17.947Z
2282,1304,2,433,12,250000,-15,7.75,37:28.4,2020-02-18T15:37:28.409Z
2284,1306,3,433,12,250000,-14,8.0,37:38.9,2020-02-18T15:37:38.868Z
2286,1308,4,433,12,250000,-15,7.75,37:49.5,2020-02-18T15:37:49.543Z
2288,1310,5,433,12,250000,-14,8.25,38:00.0,2020-02-18T15:38:00.001Z
3566,1390,1,433,12,250000,-14,7.75,51:14.9,2020-02-18T15:51:14.898Z
3568,1392,2,433,12,250000,-13,7.75,51:25.6,2020-02-18T15:51:25.581Z
3570,1394,3,433,12,250000,-14,8.5,51:36.1,2020-02-18T15:51:36.064Z
3572,1396,4,433,12,250000,-14,8.0,51:46.4,2020-02-18T15:51:46.424Z
3574,1398,5,433,12,250000,-14,8.25,51:56.9,2020-02-18T15:51:56.903Z
901,1480,1,433,12,250000,-14,7.5,05:11.8,2020-02-18T16:05:11.836Z
903,1482,2,433,12,250000,-14,7.5,05:22.5,2020-02-18T16:05:22.506Z
905,1484,3,433,12,250000,-14,8.0,05:33.0,2020-02-18T16:05:32.968Z
907,1486,4,433,12,250000,-15,7.75,05:43.4,2020-02-18T16:05:43.444Z
909,1488,5,433,12,250000,-14,7.75,05:54.1,2020-02-18T16:05:54.074Z
1870,1570,1,433,12,250000,-15,8.0,19:09.0,2020-02-18T16:19:09.015Z
1872,1572,2,433,12,250000,-14,8.0,19:19.5,2020-02-18T16:19:19.465Z
1874,1574,3,433,12,250000,-14,8.0,19:29.9,2020-02-18T16:19:29.941Z
1977,1576,4,433,12,250000,-14,8.25,19:40.6,2020-02-18T16:19:40.604Z
1979,1578,5,433,12,250000,-13,8.0,19:51.2,2020-02-18T16:19:51.215Z
3144,1660,1,433,12,250000,-14,7.75,33:06.1,2020-02-18T16:33:06.097Z
3146,1662,2,433,12,250000,-14,7.75,33:16.8,2020-02-18T16:33:16.764Z
3148,1664,3,433,12,250000,-14,8.25,33:27.2,2020-02-18T16:33:27.239Z
3150,1666,4,433,12,250000,-15,8.0,33:37.7,2020-02-18T16:33:37.716Z
3152,1668,5,433,12,250000,-14,8.25,33:48.1,2020-02-18T16:33:48.085Z
1539,1820,1,433,12,250000,-15,7.25,01:00.1,2020-02-18T17:01:00.148Z
1541,1822,2,433,12,250000,-14,7.75,01:10.6,2020-02-18T17:01:10.628Z
1543,1824,3,433,12,250000,-15,8.25,01:21.2,2020-02-18T17:01:21.185Z
1545,1826,4,433,12,250000,-14,8.25,01:31.7,2020-02-18T17:01:31.666Z
1547,1828,5,433,12,250000,-14,7.75,01:42.2,2020-02-18T17:01:42.172Z
2829,1909,1,433,12,250000,-15,7.25,14:57.5,2020-02-18T17:14:57.491Z
2831,1911,2,433,12,250000,-14,7.25,15:08.2,2020-02-18T17:15:08.156Z
2833,1913,3,433,12,250000,-14,7.0,15:18.3,2020-02-18T17:15:18.292Z
2835,1915,4,433,12,250000,-14,7.75,15:29.0,2020-02-18T17:15:28.952Z
2837,1917,5,433,12,250000,-14,7.0,15:39.4,2020-02-18T17:15:39.409Z
46,1999,1,433,12,250000,-14,6.75,28:54.4,2020-02-18T17:28:54.383Z
48,2001,2,433,12,250000,-14,7.25,29:04.9,2020-02-18T17:29:04.860Z
50,2003,3,433,12,250000,-14,6.5,29:15.2,2020-02-18T17:29:15.246Z
52,2005,4,433,12,250000,-15,7.25,29:25.9,2020-02-18T17:29:25.896Z
54,2007,5,433,12,250000,-16,8.0,29:36.4,2020-02-18T17:29:36.378Z
1124,2088,1,433,12,250000,-14,8.25,42:51.3,2020-02-18T17:42:51.280Z
1126,2090,2,433,12,250000,-15,8.25,43:01.7,2020-02-18T17:43:01.744Z
1128,2092,3,433,12,250000,-15,7.75,43:12.4,2020-02-18T17:43:12.431Z
1130,2094,4,433,12,250000,-14,8.0,43:22.8,2020-02-18T17:43:22.814Z
1132,2096,5,433,12,250000,-14,6.5,43:33.3,2020-02-18T17:43:33.292Z
2194,2178,1,433,12,250000,-14,8.0,56:48.6,2020-02-18T17:56:48.592Z
2196,2180,2,433,12,250000,-13,9.25,56:59.1,2020-02-18T17:56:59.061Z
2198,2182,3,433,12,250000,-13,8.5,57:09.9,2020-02-18T17:57:09.927Z
2200,2184,4,433,12,250000,-14,8.25,57:20.2,2020-02-18T17:57:20.177Z
2202,2186,5,433,12,250000,-13,9.25,57:30.6,2020-02-18T17:57:30.551Z
3373,2268,1,433,12,250000,-14,8.25,10:45.5,2020-02-18T18:10:45.494Z
3375,2270,2,433,12,250000,-14,8.75,10:55.9,2020-02-18T18:10:55.945Z
3377,2272,3,433,12,250000,-14,8.25,11:06.6,2020-02-18T18:11:06.609Z
3379,2274,4,433,12,250000,-13,8.75,11:17.1,2020-02-18T18:11:17.087Z
3381,2276,5,433,12,250000,-14,8.75,11:27.5,2020-02-18T18:11:27.471Z
371,2358,1,433,12,250000,-14,8.5,24:42.6,2020-02-18T18:24:42.622Z
373,2360,2,433,12,250000,-14,8.75,24:53.1,2020-02-18T18:24:53.072Z
375,2362,3,433,12,250000,-14,8.5,25:03.6,2020-02-18T18:25:03.554Z
377,2364,4,433,12,250000,-14,8.5,25:13.9,2020-02-18T18:25:13.929Z
379,2366,5,433,12,250000,-13,8.0,25:24.6,2020-02-18T18:25:24.608Z
1355,2447,1,433,12,250000,-14,8.5,38:39.8,2020-02-18T18:38:39.751Z
1357,2449,2,433,12,250000,-13,9.0,38:50.2,2020-02-18T18:38:50.231Z
1359,2451,3,433,12,250000,-14,8.5,39:00.8,2020-02-18T18:39:00.814Z
1361,2453,4,433,12,250000,-13,8.0,39:11.3,2020-02-18T18:39:11.321Z
1363,2455,5,433,12,250000,-14,8.0,39:21.7,2020-02-18T18:39:21.701Z
2525,2537,1,433,12,250000,-14,9.0,52:36.7,2020-02-18T18:52:36.712Z
2527,2539,2,433,12,250000,-13,8.75,52:47.3,2020-02-18T18:52:47.294Z
2529,2541,3,433,12,250000,-13,7.75,52:57.7,2020-02-18T18:52:57.745Z
2531,2543,4,433,12,250000,-14,8.25,53:08.5,2020-02-18T18:53:08.465Z
2533,2545,5,433,12,250000,-14,8.0,53:18.7,2020-02-18T18:53:18.721Z
3934,2625,1,433,12,250000,-13,8.25,06:39.0,2020-02-18T19:06:39.016Z
1044,2696,1,433,12,250000,-14,8.25,20:31.0,2020-02-18T19:20:30.955Z
1046,2698,2,433,12,250000,-14,8.5,20:41.6,2020-02-18T19:20:41.552Z
1048,2700,3,433,12,250000,-13,7.75,20:52.0,2020-02-18T19:20:51.981Z
1050,2702,4,433,12,250000,-13,8.75,21:02.5,2020-02-18T19:21:02.479Z
1052,2704,5,433,12,250000,-14,8.5,21:12.9,2020-02-18T19:21:12.934Z
2535,2786,1,433,12,250000,-13,9.0,34:28.0,2020-02-18T19:34:28.014Z
2537,2788,2,433,12,250000,-13,8.5,34:38.5,2020-02-18T19:34:38.495Z
2539,2790,3,433,12,250000,-14,8.75,34:49.0,2020-02-18T19:34:48.971Z
2631,2792,4,433,12,250000,-13,8.5,34:59.6,2020-02-18T19:34:59.590Z
2633,2794,5,433,12,250000,-14,8.25,35:12.7,2020-02-18T19:35:12.666Z
2323,2892,1,433,12,250000,-14,8.75,06:39.8,2020-02-18T20:06:39.827Z
2428,2893,2,433,12,250000,-13,8.75,06:50.4,2020-02-18T20:06:50.448Z
2541,2894,3,433,12,250000,-15,8.5,07:00.8,2020-02-18T20:07:00.831Z
2635,2895,4,433,12,250000,-14,8.75,07:11.4,2020-02-18T20:07:11.389Z
2744,2896,5,433,12,250000,-13,8.75,07:21.9,2020-02-18T20:07:21.884Z
3938,2978,1,433,12,250000,-14,8.5,20:36.8,2020-02-18T20:20:36.777Z
3940,2980,2,433,12,250000,-13,8.5,20:47.3,2020-02-18T20:20:47.259Z
3942,2982,3,433,12,250000,-13,8.75,20:57.7,2020-02-18T20:20:57.736Z
3944,2984,4,433,12,250000,-14,8.75,21:08.7,2020-02-18T20:21:08.697Z
3946,2986,5,433,12,250000,-14,8.5,21:18.7,2020-02-18T20:21:18.728Z
1369,3068,1,433,12,250000,-14,8.25,34:38.8,2020-02-18T20:34:38.831Z
1371,3070,2,433,12,250000,-13,8.75,34:49.2,2020-02-18T20:34:49.224Z
1373,3072,3,433,12,250000,-13,8.0,34:59.7,2020-02-18T20:34:59.658Z
1375,3074,4,433,12,250000,-14,8.0,35:10.4,2020-02-18T20:35:10.375Z
1476,3076,5,433,12,250000,-14,7.5,35:21.0,2020-02-18T20:35:20.977Z
2637,3158,1,433,12,250000,-14,8.75,48:39.2,2020-02-18T20:48:39.188Z
2639,3160,2,433,12,250000,-14,8.75,48:49.7,2020-02-18T20:48:49.668Z
2641,3162,3,433,12,250000,-13,8.25,49:00.2,2020-02-18T20:49:00.242Z
2643,3164,4,433,12,250000,-13,8.5,49:10.7,2020-02-18T20:49:10.733Z
2645,3166,5,433,12,250000,-13,8.75,49:21.2,2020-02-18T20:49:21.191Z
3625,3247,1,433,12,250000,-14,8.5,02:36.5,2020-02-18T21:02:36.525Z
3627,3249,2,433,12,250000,-13,8.75,02:46.9,2020-02-18T21:02:46.929Z
3629,3251,3,433,12,250000,-13,8.0,02:57.4,2020-02-18T21:02:57.400Z
3631,3253,4,433,12,250000,-14,8.25,03:08.4,2020-02-18T21:03:08.358Z
3633,3255,5,433,12,250000,-13,8.75,03:18.5,2020-02-18T21:03:18.472Z
1158,3336,1,433,12,250000,-14,8.5,16:33.7,2020-02-18T21:16:33.659Z
1160,3338,2,433,12,250000,-13,8.75,16:44.3,2020-02-18T21:16:44.328Z
1162,3340,3,433,12,250000,-13,8.5,16:54.7,2020-02-18T21:16:54.661Z
1278,3342,4,433,12,250000,-14,8.5,17:05.2,2020-02-18T21:17:05.154Z
1280,3344,5,433,12,250000,-14,8.75,17:15.7,2020-02-18T21:17:15.655Z
2434,3425,1,433,12,250000,-13,8.25,30:32.0,2020-02-18T21:30:31.982Z
2436,3427,2,433,12,250000,-14,8.5,30:42.4,2020-02-18T21:30:42.441Z
2438,3429,3,433,12,250000,-14,8.75,30:52.8,2020-02-18T21:30:52.819Z
2549,3431,4,433,12,250000,-14,8.5,31:03.5,2020-02-18T21:31:03.504Z
2551,3433,5,433,12,250000,-13,9.0,31:14.0,2020-02-18T21:31:14.001Z
2339,3574,1,433,12,250000,-13,9.0,58:25.8,2020-02-18T21:58:25.792Z
2341,3576,2,433,12,250000,-13,8.5,58:36.4,2020-02-18T21:58:36.449Z
2343,3578,3,433,12,250000,-13,8.75,58:46.9,2020-02-18T21:58:46.921Z
2345,3580,4,433,12,250000,-13,8.75,58:57.4,2020-02-18T21:58:57.392Z
2440,3582,5,433,12,250000,-14,8.75,59:08.1,2020-02-18T21:59:08.071Z
311,3663,1,433,12,250000,-15,5.75,12:24.0,2020-02-18T22:12:23.961Z
313,3665,2,433,12,250000,-15,6.5,12:34.4,2020-02-18T22:12:34.440Z
315,3667,3,433,12,250000,-15,6.0,12:44.9,2020-02-18T22:12:44.912Z
317,3669,4,433,12,250000,-15,6.0,12:55.5,2020-02-18T22:12:55.494Z
319,3671,5,433,12,250000,-15,5.75,13:06.0,2020-02-18T22:13:05.978Z
2661,3752,1,433,12,250000,-15,9.0,26:21.0,2020-02-18T22:26:20.952Z
2663,3754,2,433,12,250000,-15,7.25,26:31.4,2020-02-18T22:26:31.415Z
2665,3756,3,433,12,250000,-14,7.75,26:42.0,2020-02-18T22:26:41.972Z
2667,3758,4,433,12,250000,-15,7.25,26:52.4,2020-02-18T22:26:52.435Z
2669,3760,5,433,12,250000,-15,6.5,27:02.9,2020-02-18T22:27:02.911Z
2347,3841,1,433,12,250000,-15,6.0,40:18.0,2020-02-18T22:40:17.988Z
2349,3843,2,433,12,250000,-15,8.25,40:28.5,2020-02-18T22:40:28.455Z
2351,3845,3,433,12,250000,-15,6.5,40:38.9,2020-02-18T22:40:38.919Z
2353,3847,4,433,12,250000,-14,8.5,40:49.4,2020-02-18T22:40:49.396Z
2446,3849,5,433,12,250000,-13,8.25,41:00.1,2020-02-18T22:41:00.076Z
533,3931,1,433,12,250000,-12,9.5,55:28.9,2020-02-18T22:55:28.915Z
2453,3933,2,433,12,250000,-12,9.5,55:39.4,2020-02-18T22:55:39.364Z
2455,3935,3,433,12,250000,-12,9.0,55:49.8,2020-02-18T22:55:49.838Z
2457,3937,4,433,12,250000,-12,9.5,56:00.2,2020-02-18T22:56:00.212Z
2459,3939,5,433,12,250000,-12,9.5,56:10.9,2020-02-18T22:56:10.902Z
4020,4021,1,433,12,250000,-13,9.5,09:25.8,2020-02-18T23:09:25.799Z
4022,4023,2,433,12,250000,-13,9.0,09:36.3,2020-02-18T23:09:36.304Z
4024,4025,3,433,12,250000,-12,9.25,09:46.9,2020-02-18T23:09:46.859Z
4026,4027,4,433,12,250000,-12,9.5,09:57.3,2020-02-18T23:09:57.316Z
4028,4029,5,433,12,250000,-12,9.5,10:07.8,2020-02-18T23:10:07.788Z
4109,4110,1,433,12,250000,-12,10.25,23:23.1,2020-02-18T23:23:23.122Z
4111,4112,2,433,12,250000,-12,10.0,23:33.6,2020-02-18T23:23:33.571Z
4113,4114,3,433,12,250000,-12,10.0,23:44.0,2020-02-18T23:23:44.028Z
4115,4116,4,433,12,250000,-11,10.25,23:54.6,2020-02-18T23:23:54.602Z
4117,4118,5,433,12,250000,-12,10.25,24:05.1,2020-02-18T23:24:05.071Z
4199,4200,1,433,12,250000,-12,7.0,37:20.0,2020-02-18T23:37:19.995Z
4201,4202,2,433,12,250000,-12,9.75,37:30.4,2020-02-18T23:37:30.396Z
4203,4204,3,433,12,250000,-11,9.5,37:41.1,2020-02-18T23:37:41.054Z
4205,4206,4,433,12,250000,-12,9.75,37:51.6,2020-02-18T23:37:51.556Z
4207,4208,5,433,12,250000,-12,9.5,38:01.9,2020-02-18T23:38:01.918Z
4289,4290,1,433,12,250000,-12,9.5,51:17.1,2020-02-18T23:51:17.130Z
4291,4292,2,433,12,250000,-12,9.75,51:27.4,2020-02-18T23:51:27.404Z
4293,4294,3,433,12,250000,-12,10.0,51:38.0,2020-02-18T23:51:37.974Z
4295,4296,4,433,12,250000,-11,10.25,51:48.4,2020-02-18T23:51:48.445Z
4297,4298,5,433,12,250000,-12,9.75,51:59.1,2020-02-18T23:51:59.106Z
4378,4379,1,433,12,250000,-14,8.5,05:14.0,2020-02-19T00:05:13.955Z
4380,4381,2,433,12,250000,-14,8.5,05:24.4,2020-02-19T00:05:24.436Z
4382,4383,3,433,12,250000,-14,8.5,05:34.9,2020-02-19T00:05:34.914Z
4384,4385,4,433,12,250000,-14,8.5,05:45.5,2020-02-19T00:05:45.502Z
4386,4387,5,433,12,250000,-14,8.5,05:56.0,2020-02-19T00:05:55.976Z
4468,4469,1,433,12,250000,-15,8.0,19:10.9,2020-02-19T00:19:10.929Z
4470,4471,2,433,12,250000,-15,7.75,19:21.4,2020-02-19T00:19:21.384Z
4472,4473,3,433,12,250000,-14,7.25,19:32.0,2020-02-19T00:19:32.050Z
4474,4475,4,433,12,250000,-15,8.25,19:42.5,2020-02-19T00:19:42.523Z
4476,4477,5,433,12,250000,-15,8.75,19:52.9,2020-02-19T00:19:52.927Z
4558,4559,1,433,12,250000,-15,8.0,33:07.9,2020-02-19T00:33:07.859Z
4560,4561,2,433,12,250000,-15,7.75,33:18.5,2020-02-19T00:33:18.474Z
4562,4563,3,433,12,250000,-14,8.0,33:28.9,2020-02-19T00:33:28.947Z
4564,4565,4,433,12,250000,-14,8.25,33:39.4,2020-02-19T00:33:39.402Z
4566,4567,5,433,12,250000,-15,7.75,33:49.9,2020-02-19T00:33:49.882Z
4647,4648,1,433,12,250000,-14,7.0,47:05.0,2020-02-19T00:47:04.975Z
4648,4649,2,433,12,250000,-14,7.75,47:15.4,2020-02-19T00:47:15.407Z
4649,4650,3,433,12,250000,-14,8.0,47:25.9,2020-02-19T00:47:25.860Z
4650,4651,4,433,12,250000,-15,7.25,47:36.5,2020-02-19T00:47:36.500Z
4651,4652,5,433,12,250000,-14,8.0,47:47.0,2020-02-19T00:47:46.951Z
4769,4770,1,433,12,250000,-14,8.0,15:01.2,2020-02-19T01:15:01.249Z
4770,4771,2,433,12,250000,-14,7.75,15:11.7,2020-02-19T01:15:11.729Z
4771,4772,3,433,12,250000,-15,8.25,15:22.2,2020-02-19T01:15:22.177Z
4772,4773,4,433,12,250000,-14,8.5,15:32.6,2020-02-19T01:15:32.626Z
4773,4774,5,433,12,250000,-14,7.5,15:43.3,2020-02-19T01:15:43.268Z
4850,4851,1,433,12,250000,-16,8.5,28:58.5,2020-02-19T01:28:58.504Z
4852,4853,2,433,12,250000,-14,7.75,29:09.3,2020-02-19T01:29:09.274Z
4854,4855,3,433,12,250000,-15,7.75,29:19.3,2020-02-19T01:29:19.344Z
4856,4857,4,433,12,250000,-15,7.5,29:30.0,2020-02-19T01:29:29.998Z
4858,4859,5,433,12,250000,-15,8.0,29:40.5,2020-02-19T01:29:40.476Z
4940,4941,1,433,12,250000,-15,8.0,42:55.3,2020-02-19T01:42:55.309Z
4942,4943,2,433,12,250000,-14,8.0,43:06.0,2020-02-19T01:43:05.988Z
4944,4945,3,433,12,250000,-14,8.5,43:16.4,2020-02-19T01:43:16.450Z
4946,4947,4,433,12,250000,-14,8.75,43:26.9,2020-02-19T01:43:26.924Z
4948,4949,5,433,12,250000,-14,8.25,43:37.3,2020-02-19T01:43:37.303Z
5029,5030,1,433,12,250000,-14,7.75,56:52.5,2020-02-19T01:56:52.451Z
5030,5031,2,433,12,250000,-15,7.25,57:02.9,2020-02-19T01:57:02.882Z
5031,5032,3,433,12,250000,-14,7.5,57:13.3,2020-02-19T01:57:13.340Z
5032,5033,4,433,12,250000,-15,7.5,57:24.0,2020-02-19T01:57:23.994Z
5033,5034,5,433,12,250000,-14,8.25,57:34.4,2020-02-19T01:57:34.425Z
5080,5081,1,433,12,250000,-14,7.75,10:49.4,2020-02-19T02:10:49.363Z
5082,5083,2,433,12,250000,-15,8.25,10:59.8,2020-02-19T02:10:59.755Z
5084,5085,3,433,12,250000,-14,8.0,11:10.7,2020-02-19T02:11:10.677Z
5086,5087,4,433,12,250000,-15,7.25,11:20.9,2020-02-19T02:11:20.906Z
5088,5089,5,433,12,250000,-14,8.25,11:31.3,2020-02-19T02:11:31.281Z
5170,5171,1,433,12,250000,-14,7.5,24:46.5,2020-02-19T02:24:46.492Z
5172,5173,2,433,12,250000,-14,8.25,24:56.9,2020-02-19T02:24:56.854Z
5174,5175,3,433,12,250000,-13,8.25,25:07.5,2020-02-19T02:25:07.535Z
5176,5177,4,433,12,250000,-14,7.0,25:17.8,2020-02-19T02:25:17.812Z
5178,5179,5,433,12,250000,-14,8.25,25:28.4,2020-02-19T02:25:28.384Z
5259,5260,1,433,12,250000,-14,8.0,38:43.6,2020-02-19T02:38:43.605Z
5260,5261,2,433,12,250000,-13,8.25,38:54.0,2020-02-19T02:38:53.972Z
5261,5262,3,433,12,250000,-14,8.25,39:04.7,2020-02-19T02:39:04.707Z
5262,5263,4,433,12,250000,-14,7.5,39:15.1,2020-02-19T02:39:15.079Z
5263,5264,5,433,12,250000,-14,8.25,39:25.5,2020-02-19T02:39:25.507Z
5310,5311,1,433,12,250000,-13,9.5,52:40.5,2020-02-19T02:52:40.489Z
5312,5313,2,433,12,250000,-11,10.0,52:51.2,2020-02-19T02:52:51.172Z
5314,5315,3,433,12,250000,-12,9.25,53:01.6,2020-02-19T02:53:01.639Z
5316,5317,4,433,12,250000,-12,9.25,53:12.0,2020-02-19T02:53:12.021Z
5318,5319,5,433,12,250000,-12,9.5,53:22.5,2020-02-19T02:53:22.494Z
5399,5400,1,433,12,250000,-13,8.5,06:37.6,2020-02-19T03:06:37.644Z
5401,5402,2,433,12,250000,-12,9.5,06:48.1,2020-02-19T03:06:48.116Z
5403,5404,3,433,12,250000,-12,9.5,06:58.5,2020-02-19T03:06:58.493Z
5405,5406,4,433,12,250000,-12,9.25,07:09.2,2020-02-19T03:07:09.206Z
5407,5408,5,433,12,250000,-12,9.25,07:19.7,2020-02-19T03:07:19.656Z
5679,5680,1,433,12,250000,-13,9.25,16:22.7,2020-02-19T04:16:22.721Z
5681,5682,2,433,12,250000,-12,9.25,16:33.2,2020-02-19T04:16:33.171Z
5683,5684,3,433,12,250000,-13,9.5,16:43.5,2020-02-19T04:16:43.544Z
5685,5686,4,433,12,250000,-12,10.0,16:54.0,2020-02-19T04:16:54.034Z
5687,5688,5,433,12,250000,-12,9.75,17:04.7,2020-02-19T04:17:04.716Z
5769,5770,1,433,12,250000,-12,10.0,30:19.6,2020-02-19T04:30:19.559Z
5771,5772,2,433,12,250000,-12,9.75,30:30.0,2020-02-19T04:30:30.015Z
5773,5774,3,433,12,250000,-12,10.0,30:40.5,2020-02-19T04:30:40.457Z
5775,5776,4,433,12,250000,-13,9.5,30:51.1,2020-02-19T04:30:51.114Z
5777,5778,5,433,12,250000,-12,10.0,31:01.6,2020-02-19T04:31:01.569Z
5859,5860,1,433,12,250000,-12,9.75,44:16.5,2020-02-19T04:44:16.455Z
5861,5862,2,433,12,250000,-13,9.25,44:27.0,2020-02-19T04:44:27.038Z
5863,5864,3,433,12,250000,-13,5.25,44:37.5,2020-02-19T04:44:37.515Z
5865,5866,4,433,12,250000,-12,10.0,44:48.0,2020-02-19T04:44:47.966Z
5867,5868,5,433,12,250000,-13,9.5,44:58.4,2020-02-19T04:44:58.445Z
5949,5950,1,433,12,250000,-12,10.0,58:13.5,2020-02-19T04:58:13.459Z
5951,5952,2,433,12,250000,-13,10.0,58:23.9,2020-02-19T04:58:23.920Z
5953,5954,3,433,12,250000,-12,9.25,58:34.4,2020-02-19T04:58:34.406Z
5955,5956,4,433,12,250000,-12,10.0,58:45.1,2020-02-19T04:58:45.057Z
5957,5958,5,433,12,250000,-12,9.0,58:55.5,2020-02-19T04:58:55.506Z
6038,6039,1,433,12,250000,-14,8.75,12:10.8,2020-02-19T05:12:10.808Z
6040,6041,2,433,12,250000,-14,8.75,12:20.9,2020-02-19T05:12:20.891Z
6042,6043,3,433,12,250000,-14,9.0,12:31.5,2020-02-19T05:12:31.461Z
6044,6045,4,433,12,250000,-14,8.0,12:41.9,2020-02-19T05:12:41.919Z
6046,6047,5,433,12,250000,-14,8.25,12:52.4,2020-02-19T05:12:52.377Z
6128,6129,1,433,12,250000,-14,8.0,26:07.7,2020-02-19T05:26:07.724Z
6130,6131,2,433,12,250000,-14,8.0,26:18.2,2020-02-19T05:26:18.195Z
6132,6133,3,433,12,250000,-14,7.75,26:28.6,2020-02-19T05:26:28.645Z
6134,6135,4,433,12,250000,-14,7.5,26:39.1,2020-02-19T05:26:39.095Z
6136,6137,5,433,12,250000,-13,8.25,26:49.8,2020-02-19T05:26:49.756Z
6218,6219,1,433,12,250000,-14,8.25,40:04.7,2020-02-19T05:40:04.654Z
6220,6221,2,433,12,250000,-14,8.0,40:15.1,2020-02-19T05:40:15.125Z
6222,6223,3,433,12,250000,-14,8.25,40:25.7,2020-02-19T05:40:25.704Z
6224,6225,4,433,12,250000,-14,8.25,40:36.2,2020-02-19T05:40:36.184Z
6226,6227,5,433,12,250000,-13,8.75,40:46.6,2020-02-19T05:40:46.566Z
6308,6309,1,433,12,250000,-14,8.25,54:01.9,2020-02-19T05:54:01.900Z
6310,6311,2,433,12,250000,-14,7.75,54:12.4,2020-02-19T05:54:12.379Z
6312,6313,3,433,12,250000,-14,8.25,54:22.9,2020-02-19T05:54:22.853Z
6314,6315,4,433,12,250000,-14,8.5,54:33.2,2020-02-19T05:54:33.247Z
6316,6317,5,433,12,250000,-13,7.5,54:43.9,2020-02-19T05:54:43.934Z
6410,6411,1,433,12,250000,-14,7.5,15:18.6,2020-02-19T06:15:18.609Z
6413,6414,3,433,12,250000,-14,9.0,15:39.8,2020-02-19T06:15:39.781Z
6415,6416,4,433,12,250000,-14,8.25,15:50.2,2020-02-19T06:15:50.163Z
6417,6418,5,433,12,250000,-13,8.25,16:00.6,2020-02-19T06:16:00.637Z
6555,6556,1,433,12,250000,-14,8.25,43:12.9,2020-02-19T06:43:12.903Z
6557,6558,2,433,12,250000,-13,8.25,43:23.4,2020-02-19T06:43:23.395Z
6559,6560,3,433,12,250000,-13,7.5,43:34.1,2020-02-19T06:43:34.087Z
6561,6562,4,433,12,250000,-13,8.25,43:44.5,2020-02-19T06:43:44.464Z
6563,6564,5,433,12,250000,-13,8.5,43:54.9,2020-02-19T06:43:54.925Z
6645,6646,1,433,12,250000,-14,8.25,57:10.1,2020-02-19T06:57:10.093Z
6647,6648,2,433,12,250000,-14,8.75,57:20.4,2020-02-19T06:57:20.430Z
6649,6650,3,433,12,250000,-14,8.25,57:30.9,2020-02-19T06:57:30.910Z
6651,6652,4,433,12,250000,-14,8.25,57:41.6,2020-02-19T06:57:41.560Z
6653,6654,5,433,12,250000,-13,8.5,57:52.0,2020-02-19T06:57:52.036Z
6735,6736,1,433,12,250000,-14,8.25,11:07.1,2020-02-19T07:11:07.145Z
6737,6738,2,433,12,250000,-14,8.75,11:17.5,2020-02-19T07:11:17.542Z
6739,6740,3,433,12,250000,-14,8.25,11:28.2,2020-02-19T07:11:28.212Z
6741,6742,4,433,12,250000,-14,5.5,11:38.7,2020-02-19T07:11:38.667Z
6743,6744,5,433,12,250000,-13,9.0,11:49.0,2020-02-19T07:11:49.039Z
6825,6826,1,433,12,250000,-14,7.5,25:04.6,2020-02-19T07:25:04.612Z
6827,6828,2,433,12,250000,-14,8.25,25:15.1,2020-02-19T07:25:15.071Z
6829,6830,3,433,12,250000,-14,8.0,25:25.8,2020-02-19T07:25:25.761Z
6831,6832,4,433,12,250000,-14,8.5,25:36.1,2020-02-19T07:25:36.122Z
6833,6834,5,433,12,250000,-14,9.0,25:46.6,2020-02-19T07:25:46.624Z
6915,6916,1,433,12,250000,-14,8.5,39:01.5,2020-02-19T07:39:01.451Z
6917,6918,2,433,12,250000,-13,7.5,39:12.1,2020-02-19T07:39:12.105Z
6919,6920,3,433,12,250000,-14,8.5,39:22.6,2020-02-19T07:39:22.576Z
6921,6922,4,433,12,250000,-14,8.25,39:33.0,2020-02-19T07:39:33.048Z
6923,6924,5,433,12,250000,-14,8.75,39:43.4,2020-02-19T07:39:43.427Z
7005,7006,1,433,12,250000,-14,8.25,52:58.6,2020-02-19T07:52:58.602Z
7007,7008,2,433,12,250000,-14,8.75,53:09.1,2020-02-19T07:53:09.100Z
7009,7010,3,433,12,250000,-14,8.25,53:19.5,2020-02-19T07:53:19.536Z
7012,7013,5,433,12,250000,-14,8.0,53:40.6,2020-02-19T07:53:40.617Z
7094,7095,1,433,12,250000,-14,8.5,06:55.7,2020-02-19T08:06:55.698Z
7096,7097,2,433,12,250000,-14,7.75,07:06.2,2020-02-19T08:07:06.180Z
7098,7099,3,433,12,250000,-14,8.5,07:16.8,2020-02-19T08:07:16.830Z
7100,7101,4,433,12,250000,-13,8.25,07:27.3,2020-02-19T08:07:27.287Z
7102,7103,5,433,12,250000,-14,8.75,07:37.7,2020-02-19T08:07:37.727Z
7184,7185,1,433,12,250000,-15,8.75,20:53.0,2020-02-19T08:20:52.996Z
7186,7187,2,433,12,250000,-13,9.0,21:03.5,2020-02-19T08:21:03.455Z
7188,7189,3,433,12,250000,-14,8.5,21:14.1,2020-02-19T08:21:14.135Z
7190,7191,4,433,12,250000,-13,8.0,21:24.8,2020-02-19T08:21:24.818Z
7192,7193,5,433,12,250000,-13,8.0,21:35.2,2020-02-19T08:21:35.190Z
7274,7275,1,433,12,250000,-14,6.0,34:50.6,2020-02-19T08:34:50.609Z
7276,7277,2,433,12,250000,-13,7.75,35:01.0,2020-02-19T08:35:00.966Z
7278,7279,3,433,12,250000,-14,7.75,35:11.4,2020-02-19T08:35:11.425Z
7280,7281,4,433,12,250000,-14,8.5,35:22.1,2020-02-19T08:35:22.076Z
7282,7283,5,433,12,250000,-13,8.25,35:32.5,2020-02-19T08:35:32.530Z
7361,7362,1,433,12,250000,-14,8.5,48:52.7,2020-02-19T08:48:52.655Z
7362,7363,2,433,12,250000,-14,4.5,49:05.8,2020-02-19T08:49:05.836Z
7434,7435,1,433,12,250000,-14,9.0,02:45.0,2020-02-19T09:02:45.031Z
7436,7437,2,433,12,250000,-14,8.75,02:55.4,2020-02-19T09:02:55.418Z
7438,7439,3,433,12,250000,-14,8.5,03:06.1,2020-02-19T09:03:06.089Z
7440,7441,4,433,12,250000,-14,7.25,03:16.6,2020-02-19T09:03:16.571Z
7442,7443,5,433,12,250000,-14,8.5,03:26.9,2020-02-19T09:03:26.940Z
7523,7524,1,433,12,250000,-14,7.75,16:42.6,2020-02-19T09:16:42.595Z
7525,7526,2,433,12,250000,-13,8.75,16:53.0,2020-02-19T09:16:52.975Z
7527,7528,3,433,12,250000,-14,8.75,17:03.4,2020-02-19T09:17:03.443Z
7529,7530,4,433,12,250000,-14,7.75,17:13.9,2020-02-19T09:17:13.920Z
7531,7532,5,433,12,250000,-14,8.25,17:24.5,2020-02-19T09:17:24.497Z
7613,7614,1,433,12,250000,-14,8.75,30:39.6,2020-02-19T09:30:39.576Z
7615,7616,2,433,12,250000,-14,8.75,30:50.1,2020-02-19T09:30:50.056Z
7617,7618,3,433,12,250000,-14,8.5,31:00.7,2020-02-19T09:31:00.723Z
7619,7620,4,433,12,250000,-14,6.75,31:11.3,2020-02-19T09:31:11.259Z
7621,7622,5,433,12,250000,-13,8.5,31:21.6,2020-02-19T09:31:21.644Z
7703,7704,1,433,12,250000,-14,7.25,44:37.1,2020-02-19T09:44:37.115Z
7705,7706,2,433,12,250000,-13,7.75,44:47.6,2020-02-19T09:44:47.585Z
7707,7708,3,433,12,250000,-14,9.0,44:58.2,2020-02-19T09:44:58.239Z
7709,7710,4,433,12,250000,-14,7.75,45:09.4,2020-02-19T09:45:09.351Z
7711,7712,5,433,12,250000,-14,8.25,45:19.4,2020-02-19T09:45:19.364Z
7793,7794,1,433,12,250000,-14,8.25,58:34.6,2020-02-19T09:58:34.609Z
7795,7796,2,433,12,250000,-13,8.25,58:45.1,2020-02-19T09:58:45.094Z
7797,7798,3,433,12,250000,-14,8.5,58:55.5,2020-02-19T09:58:55.469Z
7799,7800,4,433,12,250000,-13,9.0,59:06.1,2020-02-19T09:59:06.134Z
7801,7802,5,433,12,250000,-14,8.75,59:16.6,2020-02-19T09:59:16.583Z
7882,7883,1,433,12,250000,-14,8.25,12:31.7,2020-02-19T10:12:31.653Z
7884,7885,2,433,12,250000,-14,8.25,12:42.2,2020-02-19T10:12:42.237Z
7886,7887,3,433,12,250000,-14,7.5,12:52.7,2020-02-19T10:12:52.697Z
7888,7889,4,433,12,250000,-14,8.0,13:03.2,2020-02-19T10:13:03.170Z
7890,7891,5,433,12,250000,-14,8.5,13:13.6,2020-02-19T10:13:13.646Z
7972,7973,1,433,12,250000,-14,8.0,26:29.0,2020-02-19T10:26:28.962Z
7974,7975,2,433,12,250000,-14,8.0,26:39.4,2020-02-19T10:26:39.434Z
7976,7977,3,433,12,250000,-15,8.25,26:49.8,2020-02-19T10:26:49.805Z
7978,7979,4,433,12,250000,-14,7.75,27:00.5,2020-02-19T10:27:00.470Z
7980,7981,5,433,12,250000,-13,8.0,27:11.0,2020-02-19T10:27:10.951Z
8062,8063,1,433,12,250000,-14,8.5,40:26.1,2020-02-19T10:40:26.095Z
8064,8065,2,433,12,250000,-14,8.25,40:36.7,2020-02-19T10:40:36.746Z
8066,8067,3,433,12,250000,-14,8.75,40:47.2,2020-02-19T10:40:47.210Z
8068,8069,4,433,12,250000,-14,8.25,40:57.8,2020-02-19T10:40:57.839Z
8070,8071,5,433,12,250000,-13,8.75,41:08.5,2020-02-19T10:41:08.535Z
8152,8153,1,433,12,250000,-14,8.25,54:23.6,2020-02-19T10:54:23.611Z
8154,8155,2,433,12,250000,-14,8.0,54:34.1,2020-02-19T10:54:34.090Z
8156,8157,3,433,12,250000,-14,8.25,54:44.7,2020-02-19T10:54:44.667Z
8158,8159,4,433,12,250000,-14,7.75,54:55.2,2020-02-19T10:54:55.153Z
8160,8161,5,433,12,250000,-14,8.75,55:05.6,2020-02-19T10:55:05.632Z
8238,8239,1,433,12,250000,-11,11.25,08:25.5,2020-02-19T11:08:25.529Z
8310,8311,1,433,12,250000,-11,10.25,22:17.8,2020-02-19T11:22:17.824Z
8312,8313,2,433,12,250000,-12,10.0,22:28.3,2020-02-19T11:22:28.291Z
8314,8315,3,433,12,250000,-12,10.25,22:39.0,2020-02-19T11:22:38.967Z
8316,8317,4,433,12,250000,-12,10.25,22:49.4,2020-02-19T11:22:49.380Z
8318,8319,5,433,12,250000,-12,10.25,22:59.8,2020-02-19T11:22:59.846Z
8400,8401,1,433,12,250000,-12,11.0,36:14.8,2020-02-19T11:36:14.794Z
8402,8403,2,433,12,250000,-11,10.75,36:25.4,2020-02-19T11:36:25.375Z
8404,8405,3,433,12,250000,-11,11.0,36:35.9,2020-02-19T11:36:35.886Z
8406,8407,4,433,12,250000,-11,10.5,36:46.3,2020-02-19T11:36:46.332Z
8408,8409,5,433,12,250000,-11,10.75,36:57.0,2020-02-19T11:36:57.009Z
8490,8491,1,433,12,250000,-12,10.0,50:11.8,2020-02-19T11:50:11.784Z
8492,8493,2,433,12,250000,-12,10.0,50:22.4,2020-02-19T11:50:22.436Z
8494,8495,3,433,12,250000,-12,10.0,50:32.9,2020-02-19T11:50:32.882Z
8496,8497,4,433,12,250000,-12,9.5,50:43.4,2020-02-19T11:50:43.353Z
8498,8499,5,433,12,250000,-13,9.5,50:54.0,2020-02-19T11:50:54.021Z
8579,8580,1,433,12,250000,-12,10.5,04:08.9,2020-02-19T12:04:08.947Z
8581,8582,2,433,12,250000,-12,10.0,04:19.3,2020-02-19T12:04:19.273Z
8583,8584,3,433,12,250000,-11,10.75,04:29.8,2020-02-19T12:04:29.752Z
8585,8586,4,433,12,250000,-11,10.0,04:40.4,2020-02-19T12:04:40.438Z
8587,8588,5,433,12,250000,-11,10.5,04:50.9,2020-02-19T12:04:50.902Z
8669,8670,1,433,12,250000,-11,10.25,18:05.7,2020-02-19T12:18:05.737Z
8671,8672,2,433,12,250000,-11,11.25,18:16.4,2020-02-19T12:18:16.422Z
8673,8674,3,433,12,250000,-12,10.5,18:26.9,2020-02-19T12:18:26.866Z
8675,8676,4,433,12,250000,-11,10.5,18:37.3,2020-02-19T12:18:37.339Z
8677,8678,5,433,12,250000,-11,10.25,18:47.7,2020-02-19T12:18:47.729Z
8759,8760,1,433,12,250000,-12,9.75,32:02.9,2020-02-19T12:32:02.906Z
8761,8762,2,433,12,250000,-12,10.25,32:13.4,2020-02-19T12:32:13.426Z
8763,8764,3,433,12,250000,-11,10.25,32:23.8,2020-02-19T12:32:23.783Z
8765,8766,4,433,12,250000,-12,10.0,32:34.4,2020-02-19T12:32:34.382Z
8767,8768,5,433,12,250000,-12,10.5,32:44.8,2020-02-19T12:32:44.834Z
8849,8850,1,433,12,250000,-12,10.5,45:59.9,2020-02-19T12:45:59.865Z
8851,8852,2,433,12,250000,-12,10.5,46:10.7,2020-02-19T12:46:10.696Z
8853,8854,3,433,12,250000,-12,10.25,46:20.9,2020-02-19T12:46:20.938Z
8855,8856,4,433,12,250000,-12,10.5,46:31.4,2020-02-19T12:46:31.393Z
8857,8858,5,433,12,250000,-12,10.0,46:41.9,2020-02-19T12:46:41.864Z
8939,8940,1,433,12,250000,-12,10.75,59:56.8,2020-02-19T12:59:56.788Z
8941,8942,2,433,12,250000,-11,10.25,00:07.7,2020-02-19T13:00:07.704Z
8943,8944,3,433,12,250000,-12,10.0,00:17.8,2020-02-19T13:00:17.841Z
8945,8946,4,433,12,250000,-12,10.0,00:28.3,2020-02-19T13:00:28.294Z
8947,8948,5,433,12,250000,-12,10.25,00:38.8,2020-02-19T13:00:38.771Z
9028,9029,1,433,12,250000,-11,10.25,13:54.1,2020-02-19T13:13:54.119Z
9030,9031,2,433,12,250000,-12,10.25,14:04.6,2020-02-19T13:14:04.571Z
9032,9033,3,433,12,250000,-12,10.25,14:15.0,2020-02-19T13:14:14.954Z
9034,9035,4,433,12,250000,-12,10.5,14:25.6,2020-02-19T13:14:25.630Z
9036,9037,5,433,12,250000,-12,10.25,14:36.1,2020-02-19T13:14:36.100Z
9230,9231,1,433,12,250000,-12,10.5,59:28.3,2020-02-19T13:59:28.334Z
9232,9233,2,433,12,250000,-11,10.25,59:38.8,2020-02-19T13:59:38.817Z
9234,9235,3,433,12,250000,-12,10.25,59:49.5,2020-02-19T13:59:49.502Z
9236,9237,4,433,12,250000,-11,10.75,59:59.9,2020-02-19T13:59:59.876Z
9238,9239,5,433,12,250000,-12,10.5,00:10.5,2020-02-19T14:00:10.460Z
9318,9319,1,433,12,250000,-11,11.0,13:25.3,2020-02-19T14:13:25.287Z
9320,9321,2,433,12,250000,-12,10.0,13:35.9,2020-02-19T14:13:35.876Z
9322,9323,3,433,12,250000,-12,10.25,13:46.4,2020-02-19T14:13:46.356Z
9324,9325,4,433,12,250000,-11,10.75,13:56.8,2020-02-19T14:13:56.824Z
9326,9327,5,433,12,250000,-11,10.75,14:07.2,2020-02-19T14:14:07.196Z
9408,9409,1,433,12,250000,-11,11.0,27:22.3,2020-02-19T14:27:22.307Z
9410,9411,2,433,12,250000,-12,11.0,27:32.8,2020-02-19T14:27:32.798Z
9412,9413,3,433,12,250000,-12,10.5,27:43.3,2020-02-19T14:27:43.264Z
9414,9415,4,433,12,250000,-12,11.25,27:53.8,2020-02-19T14:27:53.824Z
9416,9417,5,433,12,250000,-11,10.25,28:04.3,2020-02-19T14:28:04.327Z
9498,9499,1,433,12,250000,-11,10.75,41:19.3,2020-02-19T14:41:19.262Z
9500,9501,2,433,12,250000,-11,11.0,41:29.9,2020-02-19T14:41:29.943Z
9502,9503,3,433,12,250000,-13,9.75,41:40.3,2020-02-19T14:41:40.314Z
9504,9505,4,433,12,250000,-11,11.0,41:50.8,2020-02-19T14:41:50.774Z
9506,9507,5,433,12,250000,-11,10.75,42:01.2,2020-02-19T14:42:01.218Z
9588,9589,1,433,12,250000,-11,10.75,55:16.3,2020-02-19T14:55:16.335Z
9590,9591,2,433,12,250000,-11,10.5,55:26.8,2020-02-19T14:55:26.807Z
9592,9593,3,433,12,250000,-11,10.75,55:37.3,2020-02-19T14:55:37.280Z
9594,9595,4,433,12,250000,-12,10.5,55:47.8,2020-02-19T14:55:47.760Z
9596,9597,5,433,12,250000,-11,10.5,55:58.3,2020-02-19T14:55:58.335Z
9678,9679,1,433,12,250000,-12,10.75,09:13.4,2020-02-19T15:09:13.411Z
9680,9681,2,433,12,250000,-12,11.0,09:23.9,2020-02-19T15:09:23.877Z
9682,9683,3,433,12,250000,-11,10.75,09:34.2,2020-02-19T15:09:34.247Z
9684,9685,4,433,12,250000,-11,10.75,09:44.7,2020-02-19T15:09:44.701Z
9686,9687,5,433,12,250000,-12,10.25,09:55.4,2020-02-19T15:09:55.362Z
9767,9768,1,433,12,250000,-11,11.25,23:11.0,2020-02-19T15:23:11.005Z
9770,9771,2,433,12,250000,-11,11.25,23:20.8,2020-02-19T15:23:20.792Z
9772,9773,3,433,12,250000,-11,11.25,23:31.2,2020-02-19T15:23:31.176Z
9774,9775,4,433,12,250000,-11,11.25,23:41.9,2020-02-19T15:23:41.854Z
9776,9777,5,433,12,250000,-11,10.75,23:52.3,2020-02-19T15:23:52.321Z
9858,9859,1,433,12,250000,-12,11.0,37:07.2,2020-02-19T15:37:07.234Z
9860,9861,2,433,12,250000,-11,10.75,37:17.9,2020-02-19T15:37:17.895Z
9862,9863,3,433,12,250000,-11,10.75,37:28.4,2020-02-19T15:37:28.353Z
9864,9865,4,433,12,250000,-11,11.0,37:38.7,2020-02-19T15:37:38.715Z
9866,9867,5,433,12,250000,-11,10.75,37:49.2,2020-02-19T15:37:49.196Z
9945,9946,1,433,12,250000,-11,11.0,51:05.0,2020-02-19T15:51:04.991Z
9946,9947,2,433,12,250000,-11,10.25,51:15.4,2020-02-19T15:51:15.440Z
9947,9948,3,433,12,250000,-13,9.75,51:26.1,2020-02-19T15:51:26.115Z
9948,9949,4,433,12,250000,-13,8.5,51:36.6,2020-02-19T15:51:36.556Z
9949,9950,5,433,12,250000,-12,10.25,51:47.0,2020-02-19T15:51:46.989Z
10024,10025,1,433,12,250000,-12,10.25,05:07.4,2020-02-19T16:05:07.417Z
10105,10106,1,433,12,250000,-12,9.75,18:59.3,2020-02-19T16:18:59.272Z
10106,10107,2,433,12,250000,-12,10.5,19:10.4,2020-02-19T16:19:10.360Z
10109,10110,3,433,12,250000,-12,9.5,19:20.3,2020-02-19T16:19:20.316Z
10111,10112,4,433,12,250000,-11,10.25,19:30.8,2020-02-19T16:19:30.787Z
10113,10114,5,433,12,250000,-11,10.25,19:41.2,2020-02-19T16:19:41.241Z
10193,10194,1,433,12,250000,-12,10.0,32:56.4,2020-02-19T16:32:56.398Z
10195,10196,2,433,12,250000,-12,10.0,33:06.9,2020-02-19T16:33:06.856Z
10197,10198,3,433,12,250000,-12,9.25,33:17.2,2020-02-19T16:33:17.234Z
10199,10200,4,433,12,250000,-12,10.25,33:27.7,2020-02-19T16:33:27.718Z
10201,10202,5,433,12,250000,-12,9.75,33:38.4,2020-02-19T16:33:38.393Z
